-- --------------------------------------------------------
-- Host:                         127.0.0.1
-- Versión del servidor:         8.2.0 - MySQL Community Server - GPL
-- SO del servidor:              Win64
-- HeidiSQL Versión:             12.7.0.6850
-- --------------------------------------------------------

/*!40101 SET @OLD_CHARACTER_SET_CLIENT=@@CHARACTER_SET_CLIENT */;
/*!40101 SET NAMES utf8 */;
/*!50503 SET NAMES utf8mb4 */;
/*!40103 SET @OLD_TIME_ZONE=@@TIME_ZONE */;
/*!40103 SET TIME_ZONE='+00:00' */;
/*!40014 SET @OLD_FOREIGN_KEY_CHECKS=@@FOREIGN_KEY_CHECKS, FOREIGN_KEY_CHECKS=0 */;
/*!40101 SET @OLD_SQL_MODE=@@SQL_MODE, SQL_MODE='NO_AUTO_VALUE_ON_ZERO' */;
/*!40111 SET @OLD_SQL_NOTES=@@SQL_NOTES, SQL_NOTES=0 */;


-- Volcando estructura de base de datos para apimedic
CREATE DATABASE IF NOT EXISTS `apimedic` /*!40100 DEFAULT CHARACTER SET utf8mb4 COLLATE utf8mb4_0900_ai_ci */ /*!80016 DEFAULT ENCRYPTION='N' */;
USE `apimedic`;

-- Volcando estructura para tabla apimedic.diagnosticos
CREATE TABLE IF NOT EXISTS `diagnosticos` (
  `ID` int NOT NULL AUTO_INCREMENT,
  `NConsulta` varchar(10) NOT NULL,
  `Genero` enum('F','M') NOT NULL,
  `Edad` int NOT NULL,
  `Resultado` char(250) NOT NULL,
  PRIMARY KEY (`ID`)
) ENGINE=InnoDB AUTO_INCREMENT=3 DEFAULT CHARSET=utf8mb4 COLLATE=utf8mb4_0900_ai_ci;

-- Volcando datos para la tabla apimedic.diagnosticos: ~2 rows (aproximadamente)
DELETE FROM `diagnosticos`;
INSERT INTO `diagnosticos` (`ID`, `NConsulta`, `Genero`, `Edad`, `Resultado`) VALUES
	(1, 'Cslt001', 'M', 35, '{Fiebre,dengue}'),
	(2, 'Cslt002', 'F', 28, 'Paciente con enfermedad diarreica. Tratamiento: sales de rehidratación oral e hidratación.');

-- Volcando estructura para tabla apimedic.enfermedades
CREATE TABLE IF NOT EXISTS `enfermedades` (
  `CodigoEnfermedad` varchar(10) NOT NULL,
  `NombreEnfermedad` varchar(255) NOT NULL,
  `AbreviacionEnfermedad` varchar(10) DEFAULT NULL,
  PRIMARY KEY (`CodigoEnfermedad`)
) ENGINE=InnoDB DEFAULT CHARSET=utf8mb4 COLLATE=utf8mb4_0900_ai_ci;

-- Volcando datos para la tabla apimedic.enfermedades: ~150 rows (aproximadamente)
DELETE FROM `enfermedades`;
INSERT INTO `enfermedades` (`CodigoEnfermedad`, `NombreEnfermedad`, `AbreviacionEnfermedad`) VALUES
	('ACN076', 'Acné', 'ACNE'),
	('ADD050', 'Trastorno por Déficit de Atención', 'ADHD'),
	('ADREN150', 'Insuficiencia Adrenal', 'ADREN'),
	('ALO122', 'Alopecia Areata', 'ALOPE'),
	('ALS055', 'Esclerosis Lateral Amiotrófica', 'ALS'),
	('ALZ053', 'Alzheimer', 'ALZHE'),
	('ANEM004', 'Anemia', 'ANEM'),
	('ANK089', 'Espondilitis Anquilosante', 'ANKY'),
	('ANX045', 'Ansiedad', 'ANXI'),
	('ASTH025', 'Asma', 'ASTH'),
	('AUT051', 'Autismo', 'AUTISM'),
	('BELL098', 'Parálisis de Bell', 'BELL'),
	('BIP046', 'Trastorno Bipolar', 'BIPOL'),
	('BLA139', 'Cáncer de Vejiga', 'BLAD'),
	('BLAD035', 'Cáncer de Vejiga', 'BLAD'),
	('BPH142', 'Hiperplasia Prostática Benigna', 'BPH'),
	('BRE031', 'Cáncer de Mama', 'BREAST'),
	('BRON023', 'Bronquitis', 'BRON'),
	('BRON111', 'Bronquitis', 'BRONC'),
	('BUR095', 'Bursitis', 'BURS'),
	('CAT060', 'Cataratas', 'CATAR'),
	('CEL071', 'Celulitis', 'CELLU'),
	('CEL106', 'Enfermedad Celíaca', 'CELIA'),
	('CELL131', 'Celulitis', 'CELLU'),
	('CHI015', 'Chikungunya', 'CHIK'),
	('CHR027', 'Bronquitis Crónica', 'CHRON'),
	('COL030', 'Cáncer de Colon', 'COLON'),
	('CONJ011', 'Conjuntivitis', 'CJ'),
	('COPD026', 'EPOC', 'COPD'),
	('COVID013', 'COVID-19', 'COVID'),
	('CROH103', 'Enfermedad de Crohn', 'CROHN'),
	('CYS144', 'Cistitis', 'CYSTI'),
	('DAND125', 'Caspa', 'DANDR'),
	('DEN003', 'Dengue', 'DEN'),
	('DEPR044', 'Depresión', 'DEPR'),
	('DERM072', 'Dermatitis', 'DERMA'),
	('DERM132', 'Dermatitis', 'DERMA'),
	('DIAB005', 'Diabetes Tipo 2', 'DT2'),
	('DYS052', 'Dislexia', 'DYSLE'),
	('DYST101', 'Distonía', 'DYSTO'),
	('ECO020', 'E. coli', 'ECOLI'),
	('ECZ074', 'Eczema', 'ECZEM'),
	('ECZ120', 'Eczema', 'ECZEM'),
	('ED002', 'Enfermedad Diarreica', 'ED'),
	('EMPH028', 'Enfisema', 'EMPH'),
	('ENCE097', 'Encefalitis', 'ENCEP'),
	('EPI057', 'Epilepsia', 'EPILE'),
	('FIB093', 'Fibromialgia', 'FIBRO'),
	('FIB115', 'Fibromialgia', 'FIBRO'),
	('FOL078', 'Foliculitis', 'FOLIC'),
	('GAS069', 'Gastritis', 'GAST'),
	('GLAU059', 'Glaucoma', 'GLAUC'),
	('GLO145', 'Glomerulonefritis', 'GLOME'),
	('GOUT086', 'Gota', 'GOUT'),
	('GOUT116', 'Gota', 'GOUT'),
	('GUIL099', 'Síndrome de Guillain-Barré', 'GUILB'),
	('HEM107', 'Hemofilia', 'HEMO'),
	('HEP016', 'Hepatitis A', 'HEPA'),
	('HEP066', 'Hepatitis A', 'HEPA'),
	('HEPB017', 'Hepatitis B', 'HEPB'),
	('HEPB067', 'Hepatitis B', 'HEPB'),
	('HEPC018', 'Hepatitis C', 'HEPC'),
	('HEPC068', 'Hepatitis C', 'HEPC'),
	('HER081', 'Herpes Zóster', 'HERPE'),
	('HER127', 'Herpes Simple', 'HERPE'),
	('HID079', 'Hidroadenitis', 'HIDRA'),
	('HIPR006', 'Hipertensión', 'HT'),
	('HYDR147', 'Hidronefrosis', 'HYDRO'),
	('IBS105', 'Síndrome del Intestino Irritable', 'IBS'),
	('IMP085', 'Impetigo', 'IMPET'),
	('IMP124', 'Impetigo', 'IMPET'),
	('INCON143', 'Incontinencia Urinaria', 'INCON'),
	('INFU010', 'Influenza', 'INFU'),
	('IRA001', 'Infección Respiratoria Aguda', 'IRA'),
	('KER063', 'Queratitis', 'KERAT'),
	('KID036', 'Cáncer de Riñón', 'KIDN'),
	('KID135', 'Insuficiencia Renal', 'KIDNY'),
	('LEU041', 'Leucemia', 'LEUK'),
	('LICE084', 'Pediculosis', 'LICE'),
	('LICE123', 'Pediculosis', 'LICE'),
	('LIV038', 'Cáncer de Hígado', 'LIVER'),
	('LUNG029', 'Cáncer de Pulmón', 'LUNG'),
	('LUP090', 'Lupus Eritematoso Sistémico', 'LUPUS'),
	('LUP112', 'Lupus Eritematoso Sistémico', 'LUPUS'),
	('LYM042', 'Linfoma', 'LYMPH'),
	('MAC062', 'Degeneración Macular', 'MACDE'),
	('MAL008', 'Malaria', 'MAL'),
	('MEL039', 'Melanoma', 'MELAN'),
	('MELA133', 'Melanoma', 'MELAN'),
	('MEN096', 'Meningitis', 'MENIN'),
	('MIGR012', 'Migraña', 'MI'),
	('MIGR058', 'Migraña Crónica', 'MIGRC'),
	('MOLL129', 'Molusco Contagioso', 'MOLLU'),
	('MS056', 'Esclerosis Múltiple', 'MS'),
	('MYA100', 'Miastenia Gravis', 'MYAST'),
	('MYE043', 'Mieloma Múltiple', 'MYEL'),
	('NEPH138', 'Nefritis', 'NEPHR'),
	('OCD048', 'Trastorno Obsesivo-Compulsivo', 'OCD'),
	('OST040', 'Osteosarcoma', 'OSTE'),
	('OST114', 'Osteoporosis', 'OSTEO'),
	('OSTO088', 'Osteoartritis', 'OSTEO'),
	('OTI065', 'Otitis', 'OTITI'),
	('PAN037', 'Cáncer de Páncreas', 'PANCR'),
	('PARK054', 'Parkinson', 'PARKI'),
	('PNEU024', 'Neumonía', 'PNEU'),
	('PNEU110', 'Neumonía', 'PNEUM'),
	('POL148', 'Poliquistosis Renal', 'POLYC'),
	('PRO032', 'Cáncer de Próstata', 'PROST'),
	('PRO140', 'Cáncer de Próstata', 'PROST'),
	('PSO073', 'Psoriasis', 'PSORI'),
	('PSO121', 'Psoriasis', 'PSORI'),
	('PTSD049', 'Trastorno de Estrés Postraumático', 'PTSD'),
	('PYEL146', 'Pielonefritis', 'PYEL'),
	('RA113', 'Artritis Reumatoide', 'ARTHR'),
	('REN149', 'Cáncer Renal', 'RENAL'),
	('REST102', 'Síndrome de Piernas Inquietas', 'RESTL'),
	('RET061', 'Retinopatía Diabética', 'RETDI'),
	('RHEU087', 'Artritis Reumatoide', 'RHEUM'),
	('ROS077', 'Rosácea', 'ROSAC'),
	('ROS119', 'Rosácea', 'ROSAC'),
	('SALM019', 'Salmonelosis', 'SALM'),
	('SAR092', 'Sarcoidosis', 'SARCO'),
	('SCAB083', 'Sarna', 'SCABI'),
	('SCAB126', 'Sarna', 'SCABI'),
	('SCHI047', 'Esquizofrenia', 'SCHIZ'),
	('SCL091', 'Esclerodermia', 'SCLER'),
	('SCOL117', 'Escoliosis', 'SCOLI'),
	('SIC109', 'Anemia Falciforme', 'SICKL'),
	('SIN022', 'Sinusitis', 'SIN'),
	('SKIN033', 'Cáncer de Piel', 'SKIN'),
	('SKIN134', 'Cáncer de Piel', 'SKINC'),
	('STO137', 'Cálculos Renales', 'STORK'),
	('STREP021', 'Faringitis Estreptocócica', 'STREP'),
	('TB007', 'Tuberculosis', 'TB'),
	('TEND094', 'Tendinitis', 'TENDI'),
	('TES141', 'Cáncer Testicular', 'TESTC'),
	('THAL108', 'Talassemia', 'THALA'),
	('THY034', 'Cáncer de Tiroides', 'THYR'),
	('TIN082', 'Tiña', 'TINEA'),
	('TINE128', 'Tiña', 'TINEA'),
	('TONS064', 'Amigdalitis', 'TONSI'),
	('ULC070', 'Úlcera Péptica', 'ULCEP'),
	('ULC104', 'Colitis Ulcerosa', 'ULCER'),
	('URT075', 'Urticaria', 'URTIC'),
	('UTI136', 'Infección del Tracto Urinario', 'UTI'),
	('VIH009', 'VIH/SIDA', 'VIH'),
	('VIR080', 'Verrugas', 'VERRU'),
	('VIT118', 'Vitiligo', 'VITIL'),
	('WART130', 'Verrugas', 'WARTS'),
	('ZIKA014', 'Zika', 'ZIKA');

-- Volcando estructura para tabla apimedic.enfermedadsintoma
CREATE TABLE IF NOT EXISTS `enfermedadsintoma` (
  `ID` int NOT NULL AUTO_INCREMENT,
  `CodigoEnfermedad` varchar(10) DEFAULT NULL,
  `SintomaID` int DEFAULT NULL,
  PRIMARY KEY (`ID`),
  KEY `CodigoEnfermedad` (`CodigoEnfermedad`),
  KEY `SintomaID` (`SintomaID`),
  CONSTRAINT `enfermedadsintoma_ibfk_1` FOREIGN KEY (`CodigoEnfermedad`) REFERENCES `enfermedades` (`CodigoEnfermedad`),
  CONSTRAINT `enfermedadsintoma_ibfk_2` FOREIGN KEY (`SintomaID`) REFERENCES `sintomas` (`ID`)
) ENGINE=InnoDB AUTO_INCREMENT=43 DEFAULT CHARSET=utf8mb4 COLLATE=utf8mb4_0900_ai_ci;

-- Volcando datos para la tabla apimedic.enfermedadsintoma: ~42 rows (aproximadamente)
DELETE FROM `enfermedadsintoma`;
INSERT INTO `enfermedadsintoma` (`ID`, `CodigoEnfermedad`, `SintomaID`) VALUES
	(1, 'IRA001', 1),
	(2, 'IRA001', 2),
	(3, 'IRA001', 3),
	(4, 'IRA001', 4),
	(5, 'IRA001', 5),
	(6, 'IRA001', 6),
	(7, 'ED002', 7),
	(8, 'ED002', 8),
	(9, 'ED002', 9),
	(10, 'ED002', 10),
	(11, 'DEN003', 1),
	(12, 'DEN003', 11),
	(13, 'DEN003', 12),
	(14, 'DEN003', 13),
	(15, 'ANEM004', 1),
	(16, 'ANEM004', 20),
	(17, 'DIAB005', 17),
	(18, 'DIAB005', 18),
	(19, 'DIAB005', 19),
	(20, 'HIPR006', 24),
	(21, 'HIPR006', 25),
	(22, 'TB007', 1),
	(23, 'TB007', 2),
	(24, 'TB007', 11),
	(25, 'TB007', 14),
	(26, 'TB007', 15),
	(27, 'MAL008', 1),
	(28, 'MAL008', 2),
	(29, 'MAL008', 11),
	(30, 'VIH009', 1),
	(31, 'VIH009', 2),
	(32, 'VIH009', 11),
	(33, 'VIH009', 12),
	(34, 'INFU010', 1),
	(35, 'INFU010', 2),
	(36, 'INFU010', 11),
	(37, 'INFU010', 12),
	(38, 'CONJ011', 27),
	(39, 'CONJ011', 28),
	(40, 'CONJ011', 29),
	(41, 'MIGR012', 13),
	(42, 'MIGR012', 26);

-- Volcando estructura para tabla apimedic.enfermedadtratamiento
CREATE TABLE IF NOT EXISTS `enfermedadtratamiento` (
  `ID` int NOT NULL AUTO_INCREMENT,
  `CodigoEnfermedad` varchar(10) DEFAULT NULL,
  `TratamientoID` int DEFAULT NULL,
  PRIMARY KEY (`ID`),
  KEY `CodigoEnfermedad` (`CodigoEnfermedad`),
  KEY `TratamientoID` (`TratamientoID`),
  CONSTRAINT `enfermedadtratamiento_ibfk_1` FOREIGN KEY (`CodigoEnfermedad`) REFERENCES `enfermedades` (`CodigoEnfermedad`),
  CONSTRAINT `enfermedadtratamiento_ibfk_2` FOREIGN KEY (`TratamientoID`) REFERENCES `tratamientos` (`ID`)
) ENGINE=InnoDB AUTO_INCREMENT=29 DEFAULT CHARSET=utf8mb4 COLLATE=utf8mb4_0900_ai_ci;

-- Volcando datos para la tabla apimedic.enfermedadtratamiento: ~28 rows (aproximadamente)
DELETE FROM `enfermedadtratamiento`;
INSERT INTO `enfermedadtratamiento` (`ID`, `CodigoEnfermedad`, `TratamientoID`) VALUES
	(1, 'IRA001', 1),
	(2, 'IRA001', 2),
	(3, 'IRA001', 3),
	(4, 'IRA001', 4),
	(5, 'IRA001', 5),
	(6, 'ED002', 2),
	(7, 'ED002', 9),
	(8, 'ED002', 10),
	(9, 'DEN003', 1),
	(10, 'DEN003', 2),
	(11, 'DEN003', 3),
	(12, 'ANEM004', 6),
	(13, 'DIAB005', 7),
	(14, 'DIAB005', 21),
	(15, 'DIAB005', 22),
	(16, 'HIPR006', 8),
	(17, 'HIPR006', 22),
	(18, 'TB007', 5),
	(19, 'TB007', 17),
	(20, 'MAL008', 11),
	(21, 'VIH009', 18),
	(22, 'INFU010', 12),
	(23, 'INFU010', 1),
	(24, 'INFU010', 2),
	(25, 'CONJ011', 14),
	(26, 'CONJ011', 15),
	(27, 'MIGR012', 10),
	(28, 'MIGR012', 11);

-- Volcando estructura para tabla apimedic.sintomas
CREATE TABLE IF NOT EXISTS `sintomas` (
  `ID` int NOT NULL AUTO_INCREMENT,
  `Sintoma` varchar(255) NOT NULL,
  PRIMARY KEY (`ID`)
) ENGINE=InnoDB AUTO_INCREMENT=130 DEFAULT CHARSET=utf8mb4 COLLATE=utf8mb4_0900_ai_ci;

-- Volcando datos para la tabla apimedic.sintomas: ~129 rows (aproximadamente)
DELETE FROM `sintomas`;
INSERT INTO `sintomas` (`ID`, `Sintoma`) VALUES
	(1, 'Fiebre'),
	(2, 'Tos'),
	(3, 'Dificultad para respirar'),
	(4, 'Dolor de garganta'),
	(5, 'Congestión nasal'),
	(6, 'Estornudos'),
	(7, 'Diarrea'),
	(8, 'Dolor abdominal'),
	(9, 'Náuseas'),
	(10, 'Vómitos'),
	(11, 'Dolor muscular'),
	(12, 'Fatiga'),
	(13, 'Erupción cutánea'),
	(14, 'Dolor de cabeza'),
	(15, 'Pérdida de apetito'),
	(16, 'Pérdida de peso'),
	(17, 'Visión borrosa'),
	(18, 'Micción frecuente'),
	(19, 'Sed excesiva'),
	(20, 'Piel pálida'),
	(21, 'Tristeza persistente'),
	(22, 'Pérdida de interés'),
	(23, 'Cambios en el apetito'),
	(24, 'Dolor en el pecho'),
	(25, 'Mareos'),
	(26, 'Sensibilidad a la luz'),
	(27, 'Picazón ocular'),
	(28, 'Enrojecimiento ocular'),
	(29, 'Secreción ocular'),
	(30, 'Opresión en el pecho'),
	(31, 'Dolor articular'),
	(32, 'Inflamación'),
	(33, 'Rigidez'),
	(34, 'Debilidad muscular'),
	(35, 'Hinchazón'),
	(36, 'Dificultad para tragar'),
	(37, 'Confusión'),
	(38, 'Pérdida de memoria'),
	(39, 'Convulsiones'),
	(40, 'Parálisis'),
	(41, 'Temblores'),
	(42, 'Nódulos en la piel'),
	(43, 'Sangrado'),
	(44, 'Moretones'),
	(45, 'Palpitaciones'),
	(46, 'Desmayos'),
	(47, 'Sudoración'),
	(48, 'Hormigueo'),
	(49, 'Dolor en las extremidades'),
	(50, 'Disnea'),
	(51, 'Dolor lumbar'),
	(52, 'Debilidad en las piernas'),
	(53, 'Dolor al orinar'),
	(54, 'Orina turbia'),
	(55, 'Orina con sangre'),
	(56, 'Dolor de oído'),
	(57, 'Pérdida de audición'),
	(58, 'Zumbido en los oídos'),
	(59, 'Tos con sangre'),
	(60, 'Dificultad para caminar'),
	(61, 'Cambios en la visión'),
	(62, 'Sarpullido'),
	(63, 'Picores'),
	(64, 'Dolor de espalda'),
	(65, 'Dolor al defecar'),
	(66, 'Estreñimiento'),
	(67, 'Incontinencia fecal'),
	(68, 'Incontinencia urinaria'),
	(69, 'Dolor en el escroto'),
	(70, 'Náuseas matutinas'),
	(71, 'Vomitos frecuentes'),
	(72, 'Hinchazón abdominal'),
	(73, 'Dolor pélvico'),
	(74, 'Cólicos'),
	(75, 'Flujo vaginal anormal'),
	(76, 'Dolor durante las relaciones sexuales'),
	(77, 'Hemorragia vaginal anormal'),
	(78, 'Manchas en la piel'),
	(79, 'Hiperpigmentación'),
	(80, 'Acné'),
	(81, 'Caída del cabello'),
	(82, 'Dolor en los senos'),
	(83, 'Nódulos en los senos'),
	(84, 'Secreción del pezón'),
	(85, 'Cambios en la piel del pezón'),
	(86, 'Cambios en la forma del seno'),
	(87, 'Dificultad para respirar al acostarse'),
	(88, 'Latidos irregulares del corazón'),
	(89, 'Dolor en el cuello'),
	(90, 'Pérdida del equilibrio'),
	(91, 'Dificultad para concentrarse'),
	(92, 'Dificultad para hablar'),
	(93, 'Pérdida de apetito'),
	(94, 'Erupciones cutáneas'),
	(95, 'Llagas en la piel'),
	(96, 'Dolor en las articulaciones'),
	(97, 'Enrojecimiento de la piel'),
	(98, 'Aumento de peso'),
	(99, 'Pérdida de peso'),
	(100, 'Pérdida de cabello'),
	(101, 'Dolor en el vientre'),
	(102, 'Dolor de estómago'),
	(103, 'Dificultad para hacer ejercicio'),
	(104, 'Cansancio'),
	(105, 'Hipo'),
	(106, 'Dolor en los ojos'),
	(107, 'Ojos secos'),
	(108, 'Piel seca'),
	(109, 'Boca seca'),
	(110, 'Sed extrema'),
	(111, 'Dolor de mandíbula'),
	(112, 'Dolor de muelas'),
	(113, 'Dolor de espalda baja'),
	(114, 'Dolor de costillas'),
	(115, 'Dolor de cadera'),
	(116, 'Dolor de muslo'),
	(117, 'Dolor de rodilla'),
	(118, 'Dolor de tobillo'),
	(119, 'Dolor de pie'),
	(120, 'Dolor en el talón'),
	(121, 'Dolor en el hombro'),
	(122, 'Dolor en el codo'),
	(123, 'Dolor en la muñeca'),
	(124, 'Dolor en la mano'),
	(125, 'Dolor en el pulgar'),
	(126, 'Dolor en el dedo índice'),
	(127, 'Dolor en el dedo medio'),
	(128, 'Dolor en el dedo anular'),
	(129, 'Dolor en el dedo meñique');

-- Volcando estructura para tabla apimedic.tratamientos
CREATE TABLE IF NOT EXISTS `tratamientos` (
  `ID` int NOT NULL AUTO_INCREMENT,
  `Tratamiento` varchar(255) NOT NULL,
  PRIMARY KEY (`ID`)
) ENGINE=InnoDB AUTO_INCREMENT=113 DEFAULT CHARSET=utf8mb4 COLLATE=utf8mb4_0900_ai_ci;

-- Volcando datos para la tabla apimedic.tratamientos: ~112 rows (aproximadamente)
DELETE FROM `tratamientos`;
INSERT INTO `tratamientos` (`ID`, `Tratamiento`) VALUES
	(1, 'Reposo'),
	(2, 'Hidratación'),
	(3, 'Paracetamol'),
	(4, 'Ibuprofeno'),
	(5, 'Antibióticos'),
	(6, 'Suplementos de hierro'),
	(7, 'Insulina'),
	(8, 'Antihipertensivos'),
	(9, 'Antidiarreicos'),
	(10, 'Sales de rehidratación oral'),
	(11, 'Antimaláricos'),
	(12, 'Antivirales'),
	(13, 'Antifúngicos'),
	(14, 'Gotas oftálmicas'),
	(15, 'Inhaladores broncodilatadores'),
	(16, 'Corticosteroides'),
	(17, 'Medicamentos antituberculosos'),
	(18, 'Terapia antirretroviral'),
	(19, 'Antidepresivos'),
	(20, 'Terapia psicológica'),
	(21, 'Dieta equilibrada'),
	(22, 'Ejercicio regular'),
	(23, 'Evitar alérgenos'),
	(24, 'Quimioterapia'),
	(25, 'Radioterapia'),
	(26, 'Cirugía'),
	(27, 'Inmunoterapia'),
	(28, 'Terapia dirigida'),
	(29, 'Terapia hormonal'),
	(30, 'Transfusión de sangre'),
	(31, 'Diálisis'),
	(32, 'Trasplante de riñón'),
	(33, 'Oxígeno'),
	(34, 'Ventilación mecánica'),
	(35, 'Asistencia respiratoria'),
	(36, 'Terapia ocupacional'),
	(37, 'Fisioterapia'),
	(38, 'Terapia del habla'),
	(39, 'Terapia conductual'),
	(40, 'Terapia cognitiva'),
	(41, 'Terapia de exposición'),
	(42, 'Terapia EMDR'),
	(43, 'Medicamentos antipsicóticos'),
	(44, 'Estabilizadores del ánimo'),
	(45, 'Ansiolíticos'),
	(46, 'Anticonvulsivos'),
	(47, 'Medicamentos para el sueño'),
	(48, 'Medicamentos para el TDAH'),
	(49, 'Medicamentos para el Alzheimer'),
	(50, 'Medicamentos para el Parkinson'),
	(51, 'Medicamentos para la esclerosis múltiple'),
	(52, 'Medicamentos para la ELA'),
	(53, 'Medicamentos para la migraña'),
	(54, 'Medicamentos para el glaucoma'),
	(55, 'Gotas para los ojos'),
	(56, 'Láser para los ojos'),
	(57, 'Lentes de contacto'),
	(58, 'Lentes de corrección'),
	(59, 'Cirugía ocular'),
	(60, 'Cirugía plástica'),
	(61, 'Cirugía ortopédica'),
	(62, 'Prótesis'),
	(63, 'Implantes'),
	(64, 'Aparatos ortopédicos'),
	(65, 'Cuidado de heridas'),
	(66, 'Curaciones'),
	(67, 'Terapia de presión negativa'),
	(68, 'Vacunas'),
	(69, 'Profilaxis antibiótica'),
	(70, 'Hormonoterapia'),
	(71, 'Vitaminas'),
	(72, 'Minerales'),
	(73, 'Suplementos dietéticos'),
	(74, 'Antioxidantes'),
	(75, 'Medicamentos antiinflamatorios'),
	(76, 'Medicamentos antirreumáticos'),
	(77, 'Medicamentos inmunosupresores'),
	(78, 'Plasmaféresis'),
	(79, 'Inmunoglobulinas'),
	(80, 'Medicamentos anticoagulantes'),
	(81, 'Medicamentos antiplaquetarios'),
	(82, 'Medicamentos para la diabetes'),
	(83, 'Medicamentos para el colesterol'),
	(84, 'Medicamentos para la tiroides'),
	(85, 'Medicamentos para la insuficiencia renal'),
	(86, 'Medicamentos para la insuficiencia hepática'),
	(87, 'Medicamentos para la insuficiencia cardíaca'),
	(88, 'Medicamentos para la hipertensión pulmonar'),
	(89, 'Medicamentos para la hipertensión arterial'),
	(90, 'Medicamentos para la enfermedad pulmonar obstructiva crónica'),
	(91, 'Medicamentos para el asma'),
	(92, 'Medicamentos para la fibrosis quística'),
	(93, 'Medicamentos para la fibrosis pulmonar'),
	(94, 'Medicamentos para la enfermedad de Alzheimer'),
	(95, 'Medicamentos para la enfermedad de Parkinson'),
	(96, 'Medicamentos para la esclerosis múltiple'),
	(97, 'Medicamentos para la esclerosis lateral amiotrófica'),
	(98, 'Medicamentos para la migraña crónica'),
	(99, 'Medicamentos para el glaucoma'),
	(100, 'Gotas para los ojos'),
	(101, 'Láser para los ojos'),
	(102, 'Lentes de contacto'),
	(103, 'Lentes de corrección'),
	(104, 'Cirugía ocular'),
	(105, 'Cirugía plástica'),
	(106, 'Cirugía ortopédica'),
	(107, 'Prótesis'),
	(108, 'Implantes'),
	(109, 'Aparatos ortopédicos'),
	(110, 'Cuidado de heridas'),
	(111, 'Curaciones'),
	(112, 'Terapia de presión negativa');

/*!40103 SET TIME_ZONE=IFNULL(@OLD_TIME_ZONE, 'system') */;
/*!40101 SET SQL_MODE=IFNULL(@OLD_SQL_MODE, '') */;
/*!40014 SET FOREIGN_KEY_CHECKS=IFNULL(@OLD_FOREIGN_KEY_CHECKS, 1) */;
/*!40101 SET CHARACTER_SET_CLIENT=@OLD_CHARACTER_SET_CLIENT */;
/*!40111 SET SQL_NOTES=IFNULL(@OLD_SQL_NOTES, 1) */;
